scenario,frame,frame_ms,fps_monitor,process_ms,memory_mib,nodes,draw_objects,draw_primitives,draw_calls
world_far_drag,0,59.2290,1.00,9.7190,105.2177,5,1385,80205,1277
world_far_drag,1,58.8300,1.00,9.7190,105.2225,5,1385,80205,1277
world_far_drag,2,57.6290,1.00,9.7190,105.2247,5,1385,80205,1277
world_far_drag,3,57.8100,1.00,9.7190,105.2270,5,1385,80205,1277
world_far_drag,4,58.1290,1.00,9.7190,105.2285,5,1385,80205,1277
world_far_drag,5,59.9450,22.00,60.4970,105.2299,5,1385,80205,1277
world_far_drag,6,61.7400,22.00,60.4970,105.2314,5,1385,80205,1277
world_far_drag,7,57.6860,22.00,60.4970,105.2328,5,1385,80205,1277
world_far_drag,8,56.5520,22.00,60.4970,105.2343,5,1385,80205,1277
world_far_drag,9,60.3530,22.00,60.4970,105.2357,5,1385,80205,1277
world_far_drag,10,59.2470,22.00,60.4970,105.2371,5,1385,80205,1277
world_far_drag,11,58.8790,22.00,60.4970,105.2385,5,1385,80205,1277
world_far_drag,12,58.4800,22.00,60.4970,105.2401,5,1385,80205,1277
world_far_drag,13,61.2110,22.00,60.4970,105.2434,5,1385,80205,1277
world_far_drag,14,62.2510,22.00,60.4970,105.2430,5,1385,80205,1277
world_far_drag,15,58.5540,22.00,60.4970,105.2443,5,1385,80205,1277
world_far_drag,16,59.2640,22.00,60.4970,105.2457,5,1385,80205,1277
world_far_drag,17,57.3840,22.00,60.4970,105.2471,5,1385,80205,1277
world_far_drag,18,59.3170,22.00,60.4970,105.2488,5,1385,80205,1277
world_far_drag,19,56.9600,22.00,60.4970,105.2503,5,1385,80205,1277
world_far_drag,20,56.1500,22.00,60.4970,105.2517,5,1385,80205,1277
world_far_drag,21,56.4480,22.00,60.4970,105.2531,5,1385,80205,1277
world_far_drag,22,58.0290,17.00,62.1300,105.2545,5,1385,80205,1277
world_far_drag,23,58.3080,17.00,62.1300,105.2559,5,1385,80205,1277
world_far_drag,24,58.7330,17.00,62.1300,105.2572,5,1385,80205,1277
world_far_drag,25,65.5290,17.00,62.1300,105.2586,5,1385,80205,1277
world_far_drag,26,71.8550,17.00,62.1300,105.2600,5,1385,80205,1277
world_far_drag,27,64.9430,17.00,62.1300,105.2618,5,1385,80205,1277
world_far_drag,28,64.0030,17.00,62.1300,105.2635,5,1385,80205,1277
world_far_drag,29,58.5750,17.00,62.1300,105.2649,5,1385,80205,1277
world_far_drag,30,57.9550,17.00,62.1300,105.2681,5,1385,80205,1277
world_far_drag,31,61.6310,17.00,62.1300,105.2677,5,1385,80205,1277
world_far_drag,32,67.4600,17.00,62.1300,105.2690,5,1385,80205,1277
world_far_drag,33,60.3950,17.00,62.1300,105.2704,5,1385,80205,1277
world_far_drag,34,68.4770,17.00,62.1300,105.2718,5,1385,80205,1277
world_far_drag,35,72.3580,17.00,62.1300,105.2732,5,1385,80205,1277
world_far_drag,36,74.8190,17.00,62.1300,105.2746,5,1385,80205,1277
world_far_drag,37,65.9420,15.00,74.6410,105.2759,5,1385,80205,1277
world_far_drag,38,61.5210,15.00,74.6410,105.2773,5,1385,80205,1277
world_far_drag,39,62.4550,15.00,74.6410,105.2787,5,1385,80205,1277
world_far_drag,40,66.9120,15.00,74.6410,105.2801,5,1385,80205,1277
world_far_drag,41,59.9540,15.00,74.6410,105.2821,5,1385,80205,1277
world_far_drag,42,57.9480,15.00,74.6410,105.2840,5,1385,80205,1277
world_far_drag,43,56.4540,15.00,74.6410,105.2854,5,1385,80205,1277
world_far_drag,44,56.0540,15.00,74.6410,105.2867,5,1385,80205,1277
world_far_drag,45,56.3180,15.00,74.6410,105.2881,5,1385,80205,1277
world_far_drag,46,59.2870,15.00,74.6410,105.2913,5,1385,80205,1277
world_far_drag,47,60.7640,15.00,74.6410,105.2909,5,1385,80205,1277
world_far_drag,48,58.0070,15.00,74.6410,105.2923,5,1385,80205,1277
world_far_drag,49,56.2620,15.00,74.6410,105.2936,5,1385,80205,1277
world_far_drag,50,57.1140,15.00,74.6410,105.2950,5,1385,80205,1277
world_far_drag,51,65.6490,15.00,74.6410,105.2964,5,1385,80205,1277
world_far_drag,52,58.9890,15.00,74.6410,105.2978,5,1385,80205,1277
world_far_drag,53,58.4030,15.00,74.6410,105.2992,5,1385,80205,1277
world_far_drag,54,59.7060,17.00,66.7560,105.3005,5,1385,80205,1277
world_far_drag,55,59.0300,17.00,66.7560,105.3019,5,1385,80205,1277
world_far_drag,56,56.3680,17.00,66.7560,105.3033,5,1385,80205,1277
world_far_drag,57,55.7370,17.00,66.7560,105.3047,5,1385,80205,1277
world_far_drag,58,56.9370,17.00,66.7560,105.3061,5,1385,80205,1277
world_far_drag,59,58.7840,17.00,66.7560,105.3074,5,1385,80205,1277
world_far_drag,60,58.7390,17.00,66.7560,105.3088,5,1385,80205,1277
world_far_drag,61,57.7960,17.00,66.7560,105.3102,5,1385,80205,1277
world_far_drag,62,57.6570,17.00,66.7560,105.3125,5,1385,80205,1277
world_far_drag,63,57.0970,17.00,66.7560,105.3146,5,1385,80205,1277
world_far_drag,64,58.9070,17.00,66.7560,105.3178,5,1385,80205,1277
world_far_drag,65,76.2580,17.00,66.7560,105.3174,5,1385,80205,1277
world_far_drag,66,65.8080,17.00,66.7560,105.3188,5,1385,80205,1277
world_far_drag,67,57.1710,17.00,66.7560,105.3201,5,1385,80205,1277
world_far_drag,68,62.9100,17.00,66.7560,105.3215,5,1385,80205,1277
world_far_drag,69,55.4660,17.00,66.7560,105.3229,5,1385,80205,1277
world_far_drag,70,60.4270,17.00,66.7560,105.3243,5,1385,80205,1277
world_far_drag,71,67.0750,17.00,76.1460,105.3257,5,1385,80205,1277
world_far_drag,72,56.0570,17.00,76.1460,105.3271,5,1385,80205,1277
world_far_drag,73,56.8160,17.00,76.1460,105.3284,5,1385,80205,1277
world_far_drag,74,56.3250,17.00,76.1460,105.3298,5,1385,80205,1277
world_far_drag,75,142.1350,17.00,76.1460,105.3343,5,1385,80205,1277
world_far_drag,76,72.3420,17.00,76.1460,105.3364,5,1388,80211,1278
world_far_drag,77,68.9250,17.00,76.1460,105.3378,5,1388,80211,1278
world_far_drag,78,73.3830,17.00,76.1460,105.3394,5,1388,80211,1278
world_far_drag,79,72.3170,17.00,76.1460,105.3426,5,1388,80211,1278
world_far_drag,80,65.4170,17.00,76.1460,105.3422,5,1388,80211,1278
world_far_drag,81,59.0080,17.00,76.1460,105.3435,5,1388,80211,1278
world_far_drag,82,60.1630,17.00,76.1460,105.3449,5,1388,80211,1278
world_far_drag,83,62.5370,17.00,76.1460,105.3463,5,1388,80211,1278
world_far_drag,84,63.6420,17.00,76.1460,105.3477,5,1388,80211,1278
world_far_drag,85,62.3120,14.00,73.3020,105.3491,5,1388,80211,1278
world_far_drag,86,62.9210,14.00,73.3020,105.3504,5,1388,80211,1278
world_far_drag,87,62.6850,14.00,73.3020,105.3518,5,1388,80211,1278
world_far_drag,88,59.5000,14.00,73.3020,105.3532,5,1388,80211,1278
world_far_drag,89,57.1810,14.00,73.3020,105.3546,5,1388,80211,1278
world_far_drag,90,56.2860,14.00,73.3020,105.3560,5,1388,80211,1278
world_far_drag,91,56.6130,14.00,73.3020,105.3574,5,1388,80211,1278
world_far_drag,92,56.1230,14.00,73.3020,105.3598,5,1388,80211,1278
world_far_drag,93,58.0090,14.00,73.3020,105.3615,5,1388,80211,1278
world_far_drag,94,60.6140,14.00,73.3020,105.3640,5,1388,80211,1278
world_far_drag,95,64.2620,14.00,73.3020,105.3654,5,1388,80211,1278
world_far_drag,96,59.6900,14.00,73.3020,105.3686,5,1388,80211,1278
world_far_drag,97,59.3490,14.00,73.3020,105.3681,5,1388,80211,1278
world_far_drag,98,57.5190,14.00,73.3020,105.3695,5,1388,80211,1278
world_far_drag,99,57.4720,14.00,73.3020,105.3709,5,1388,80211,1278
world_far_drag,100,56.9030,14.00,73.3020,105.3723,5,1388,80211,1278
world_far_drag,101,56.6500,14.00,73.3020,105.3737,5,1388,80211,1278
world_far_drag,102,61.6970,17.00,63.9280,105.3751,5,1388,80211,1278
world_far_drag,103,60.4070,17.00,63.9280,105.3764,5,1388,80211,1278
world_far_drag,104,57.3590,17.00,63.9280,105.3778,5,1388,80211,1278
world_far_drag,105,56.3290,17.00,63.9280,105.3792,5,1388,80211,1278
world_far_drag,106,58.7610,17.00,63.9280,105.3806,5,1388,80211,1278
world_far_drag,107,69.5060,17.00,63.9280,105.3820,5,1388,80211,1278
world_far_drag,108,58.9990,17.00,63.9280,105.3833,5,1388,80211,1278
world_far_drag,109,62.0500,17.00,63.9280,105.3847,5,1388,80211,1278
world_far_drag,110,62.3720,17.00,63.9280,105.3861,5,1388,80211,1278
world_far_drag,111,60.2490,17.00,63.9280,105.3875,5,1388,80211,1278
world_far_drag,112,70.3860,17.00,63.9280,105.3889,5,1388,80211,1278
world_far_drag,113,61.3180,17.00,63.9280,105.3920,5,1388,80211,1278
world_far_drag,114,59.5950,17.00,63.9280,105.3916,5,1388,80211,1278
world_far_drag,115,63.0280,17.00,63.9280,105.3930,5,1388,80211,1278
world_far_drag,116,56.4010,17.00,63.9280,105.3944,5,1388,80211,1278
world_far_drag,117,56.4470,17.00,63.9280,105.3958,5,1388,80211,1278
world_far_drag,118,57.5480,16.00,70.0710,105.3971,5,1388,80211,1278
world_far_drag,119,62.1400,16.00,70.0710,105.3985,5,1388,80211,1278
world_far_drag,120,75.4540,16.00,70.0710,105.3999,5,1388,80211,1278
world_far_drag,121,56.9990,16.00,70.0710,105.4013,5,1388,80211,1278
world_far_drag,122,55.8540,16.00,70.0710,105.4027,5,1388,80211,1278
world_far_drag,123,56.3020,16.00,70.0710,105.4040,5,1388,80211,1278
world_far_drag,124,55.1620,16.00,70.0710,105.4054,5,1388,80211,1278
world_far_drag,125,62.0330,16.00,70.0710,105.4068,5,1388,80211,1278
world_far_drag,126,65.2540,16.00,70.0710,105.4082,5,1388,80211,1278
world_far_drag,127,71.4540,16.00,70.0710,105.4096,5,1388,80211,1278
world_far_drag,128,90.8120,16.00,70.0710,105.4110,5,1388,80211,1278
world_far_drag,129,83.6360,16.00,70.0710,105.4141,5,1388,80211,1278
world_far_drag,130,64.3910,16.00,70.0710,105.4137,5,1388,80211,1278
world_far_drag,131,64.0120,16.00,70.0710,105.4151,5,1388,80211,1278
world_far_drag,132,65.5890,16.00,70.0710,105.4165,5,1388,80211,1278
world_far_drag,133,61.4250,16.00,70.0710,105.4179,5,1388,80211,1278
world_far_drag,134,58.5380,16.00,90.3880,105.4192,5,1388,80211,1278
world_far_drag,135,58.0160,16.00,90.3880,105.4206,5,1388,80211,1278
world_far_drag,136,56.8330,16.00,90.3880,105.4220,5,1388,80211,1278
world_far_drag,137,56.5770,16.00,90.3880,105.4234,5,1388,80211,1278
world_far_drag,138,57.5530,16.00,90.3880,105.4248,5,1388,80211,1278
world_far_drag,139,57.1150,16.00,90.3880,105.4277,5,1388,80211,1278
world_far_drag,140,56.5570,16.00,90.3880,105.4297,5,1388,80211,1278
world_far_drag,141,56.4260,16.00,90.3880,105.4326,5,1388,80211,1278
world_far_drag,142,56.6610,16.00,90.3880,105.4340,5,1388,80211,1278
world_far_drag,143,58.3270,16.00,90.3880,105.4354,5,1388,80211,1278
world_far_drag,144,58.2520,16.00,90.3880,105.4368,5,1388,80211,1278
world_far_drag,145,58.3650,16.00,90.3880,105.4382,5,1388,80211,1278
world_far_drag,146,58.5480,16.00,90.3880,105.4413,5,1388,80211,1278
world_far_drag,147,57.3800,16.00,90.3880,105.4409,5,1388,80211,1278
world_far_drag,148,58.5300,16.00,90.3880,105.4423,5,1388,80211,1278
world_far_drag,149,57.3150,16.00,90.3880,105.4437,5,1388,80211,1278
world_far_drag,150,58.9750,16.00,90.3880,105.4451,5,1388,80211,1278
world_far_drag,151,59.5870,17.00,59.4560,105.4465,5,1388,80211,1278
world_far_drag,152,59.2770,17.00,59.4560,105.4478,5,1388,80211,1278
world_far_drag,153,57.1080,17.00,59.4560,105.4492,5,1388,80211,1278
world_far_drag,154,71.3110,17.00,59.4560,105.4506,5,1388,80211,1278
world_far_drag,155,65.9010,17.00,59.4560,105.4520,5,1388,80211,1278
world_far_drag,156,58.0860,17.00,59.4560,105.4534,5,1388,80211,1278
world_far_drag,157,56.4230,17.00,59.4560,105.4547,5,1388,80211,1278
world_far_drag,158,56.9800,17.00,59.4560,105.4561,5,1388,80211,1278
world_far_drag,159,56.9890,17.00,59.4560,105.4575,5,1388,80211,1278
world_far_drag,160,55.4250,17.00,59.4560,105.4589,5,1388,80211,1278
world_far_drag,161,55.3430,17.00,59.4560,105.4603,5,1388,80211,1278
world_far_drag,162,55.3480,17.00,59.4560,105.4616,5,1388,80211,1278
world_far_drag,163,92.1410,17.00,59.4560,105.4648,5,1388,80211,1278
world_far_drag,164,77.5050,17.00,59.4560,105.4644,5,1388,80211,1278
world_far_drag,165,77.9320,17.00,59.4560,105.4658,5,1388,80211,1278
world_far_drag,166,61.7100,17.00,59.4560,105.4672,5,1388,80211,1278
world_far_drag,167,103.1390,16.00,103.0000,105.4685,5,1388,80211,1278
world_far_drag,168,66.4860,16.00,103.0000,105.4699,5,1388,80211,1278
world_far_drag,169,86.0760,16.00,103.0000,105.4713,5,1388,80211,1278
world_far_drag,170,81.2920,16.00,103.0000,105.4727,5,1388,80211,1278
world_far_drag,171,68.7860,16.00,103.0000,105.4741,5,1388,80211,1278
world_far_drag,172,60.9010,16.00,103.0000,105.4755,5,1388,80211,1278
world_far_drag,173,93.3110,16.00,103.0000,105.4768,5,1388,80211,1278
world_far_drag,174,94.5800,16.00,103.0000,105.4782,5,1388,80211,1278
world_far_drag,175,76.2350,16.00,103.0000,105.4796,5,1388,80211,1278
world_far_drag,176,65.5180,16.00,103.0000,105.4828,5,1388,80211,1278
world_far_drag,177,57.6140,16.00,103.0000,105.4824,5,1388,80211,1278
world_far_drag,178,56.0940,16.00,103.0000,105.4837,5,1388,80211,1278
world_far_drag,179,66.2440,16.00,103.0000,105.4851,5,1388,80211,1278
world_far_drag,180,68.6100,13.00,94.4290,105.4865,5,1388,80211,1278
world_far_drag,181,55.5550,13.00,94.4290,105.4879,5,1388,80211,1278
world_far_drag,182,55.3840,13.00,94.4290,105.4893,5,1388,80211,1278
world_far_drag,183,76.6840,13.00,94.4290,105.4906,5,1388,80211,1278
world_far_drag,184,99.5030,13.00,94.4290,105.4920,5,1388,80211,1278
world_far_drag,185,94.9520,13.00,94.4290,105.4934,5,1388,80211,1278
world_far_drag,186,74.0170,13.00,94.4290,105.4948,5,1388,80211,1278
world_far_drag,187,58.7360,13.00,94.4290,105.4962,5,1388,80211,1278
world_far_drag,188,61.3450,13.00,94.4290,105.4975,5,1388,80211,1278
world_far_drag,189,68.2090,13.00,94.4290,105.4989,5,1388,80211,1278
world_far_drag,190,116.1190,13.00,94.4290,105.5021,5,1388,80211,1278
world_far_drag,191,63.3080,13.00,94.4290,105.5017,5,1388,80211,1278
world_far_drag,192,58.4520,13.00,94.4290,105.5031,5,1388,80211,1278
world_far_drag,193,80.3990,13.00,94.4290,105.5045,5,1388,80211,1278
world_far_drag,194,70.7720,14.00,115.7100,105.5058,5,1388,80211,1278
world_far_drag,195,71.3630,14.00,115.7100,105.5072,5,1388,80211,1278
world_far_drag,196,62.1070,14.00,115.7100,105.5086,5,1388,80211,1278
world_far_drag,197,67.3330,14.00,115.7100,105.5100,5,1388,80211,1278
world_far_drag,198,57.5940,14.00,115.7100,105.5114,5,1388,80211,1278
world_far_drag,199,66.5010,14.00,115.7100,105.5127,5,1388,80211,1278
world_far_drag,200,56.2990,14.00,115.7100,105.5141,5,1388,80211,1278
world_far_drag,201,56.1680,14.00,115.7100,105.5155,5,1388,80211,1278
world_far_drag,202,57.2050,14.00,115.7100,105.5169,5,1388,80211,1278
world_far_drag,203,103.6390,14.00,115.7100,105.5183,5,1388,80211,1278
world_far_drag,204,88.2360,14.00,115.7100,105.5196,5,1388,80211,1278
world_far_drag,205,111.3090,14.00,115.7100,105.5228,5,1388,80211,1278
world_far_drag,206,64.0780,14.00,115.7100,105.5224,5,1388,80211,1278
world_far_drag,207,65.3270,14.00,115.7100,105.5238,5,1388,80211,1278
world_far_drag,208,83.5990,14.00,111.1390,105.5252,5,1388,80211,1278
world_far_drag,209,67.2970,14.00,111.1390,105.5290,5,1388,80211,1278
world_far_drag,210,75.0220,14.00,111.1390,105.5311,5,1388,80211,1278
world_far_drag,211,69.8950,14.00,111.1390,105.5349,5,1388,80211,1278
world_far_drag,212,60.9310,14.00,111.1390,105.5363,5,1388,80211,1278
world_far_drag,213,57.7380,14.00,111.1390,105.5377,5,1388,80211,1278
world_far_drag,214,58.3650,14.00,111.1390,105.5391,5,1388,80211,1278
world_far_drag,215,59.0800,14.00,111.1390,105.5404,5,1388,80211,1278
world_far_drag,216,82.0140,14.00,111.1390,105.5418,5,1388,80211,1278
world_far_drag,217,88.6340,14.00,111.1390,105.5432,5,1388,80211,1278
world_far_drag,218,70.7800,14.00,111.1390,105.5446,5,1388,80211,1278
world_far_drag,219,76.4450,14.00,111.1390,105.5460,5,1388,80211,1278
world_far_drag,220,57.7550,14.00,111.1390,105.5491,5,1388,80211,1278
world_far_drag,221,58.4630,14.00,111.1390,105.5487,5,1388,80211,1278
world_far_drag,222,59.9920,14.00,88.3760,105.5501,5,1388,80211,1278
world_far_drag,223,76.4180,14.00,88.3760,105.5515,5,1388,80211,1278
world_far_drag,224,76.2160,14.00,88.3760,105.5529,5,1388,80211,1278
world_far_drag,225,59.7170,14.00,88.3760,105.5542,5,1388,80211,1278
world_far_drag,226,58.3710,14.00,88.3760,105.5556,5,1388,80211,1278
world_far_drag,227,60.0890,14.00,88.3760,105.5570,5,1388,80211,1278
world_far_drag,228,57.4840,14.00,88.3760,105.5584,5,1388,80211,1278
world_far_drag,229,60.1560,14.00,88.3760,105.5598,5,1388,80211,1278
world_far_drag,230,72.4490,14.00,88.3760,105.5612,5,1388,80211,1278
world_far_drag,231,99.6920,14.00,88.3760,105.5625,5,1388,80211,1278
world_far_drag,232,109.3210,14.00,88.3760,105.5639,5,1388,80211,1278
world_far_drag,233,69.8130,14.00,88.3760,105.5653,5,1388,80211,1278
world_far_drag,234,82.8800,14.00,88.3760,105.5685,5,1388,80211,1278
world_far_drag,235,75.9710,14.00,88.3760,105.5681,5,1388,80211,1278
world_far_drag,236,61.9090,14.00,109.2320,105.5694,5,1388,80211,1278
world_far_drag,237,59.6770,14.00,109.2320,105.5708,5,1388,80211,1278
world_far_drag,238,60.3590,14.00,109.2320,105.5722,5,1388,80211,1278
world_far_drag,239,67.8300,14.00,109.2320,105.5736,5,1388,80211,1278
world_far_drag,240,78.3660,14.00,109.2320,105.5750,5,1388,80211,1278
world_far_drag,241,77.9760,14.00,109.2320,105.5763,5,1388,80211,1278
world_far_drag,242,64.1520,14.00,109.2320,105.5777,5,1388,80211,1278
world_far_drag,243,56.0990,14.00,109.2320,105.5791,5,1388,80211,1278
world_far_drag,244,55.3880,14.00,109.2320,105.5805,5,1388,80211,1278
world_far_drag,245,56.0880,14.00,109.2320,105.5819,5,1388,80211,1278
world_far_drag,246,56.5270,14.00,109.2320,105.5832,5,1388,80211,1278
world_far_drag,247,57.1430,14.00,109.2320,105.5846,5,1388,80211,1278
world_far_drag,248,69.9530,14.00,109.2320,105.5860,5,1388,80211,1278
world_far_drag,249,55.7870,14.00,109.2320,105.5874,5,1388,80211,1278
world_far_drag,250,55.0790,14.00,109.2320,105.5906,5,1388,80211,1278
world_far_drag,251,55.3610,14.00,109.2320,105.5902,5,1388,80211,1278
world_far_drag,252,55.3480,16.00,78.1170,105.5915,5,1388,80211,1278
world_far_drag,253,54.9510,16.00,78.1170,105.5929,5,1388,80211,1278
world_far_drag,254,55.3620,16.00,78.1170,105.5943,5,1388,80211,1278
world_far_drag,255,61.5300,16.00,78.1170,105.5957,5,1388,80211,1278
world_far_drag,256,61.1670,16.00,78.1170,105.5971,5,1388,80211,1278
world_far_drag,257,69.8540,16.00,78.1170,105.5984,5,1388,80211,1278
world_far_drag,258,113.2700,16.00,78.1170,105.5998,5,1388,80211,1278
world_far_drag,259,77.2860,16.00,78.1170,105.6012,5,1388,80211,1278
world_far_drag,260,82.1010,16.00,78.1170,105.6026,5,1388,80211,1278
world_far_drag,261,69.3470,16.00,78.1170,105.6040,5,1388,80211,1278
world_far_drag,262,85.7330,16.00,78.1170,105.6053,5,1388,80211,1278
world_far_drag,263,55.2030,16.00,78.1170,105.6067,5,1388,80211,1278
world_far_drag,264,79.6370,16.00,78.1170,105.6081,5,1388,80211,1278
world_far_drag,265,96.6970,16.00,78.1170,105.6113,5,1388,80211,1278
world_far_drag,266,59.3570,14.00,113.0710,105.6109,5,1388,80211,1278
world_far_drag,267,56.4430,14.00,113.0710,105.6122,5,1388,80211,1278
world_far_drag,268,57.8030,14.00,113.0710,105.6136,5,1388,80211,1278
world_far_drag,269,82.2490,14.00,113.0710,105.6150,5,1388,80211,1278
world_far_drag,270,69.6090,14.00,113.0710,105.6164,5,1388,80211,1278
world_far_drag,271,122.1330,14.00,113.0710,105.6243,5,1388,80211,1278
world_far_drag,272,60.1460,14.00,113.0710,105.6259,5,1389,80213,1278
world_far_drag,273,57.0840,14.00,113.0710,105.6274,5,1389,80213,1278
world_far_drag,274,64.1970,14.00,113.0710,105.6290,5,1389,80213,1278
world_far_drag,275,65.3700,14.00,113.0710,105.6304,5,1389,80213,1278
world_far_drag,276,56.7460,14.00,113.0710,105.6318,5,1389,80213,1278
world_far_drag,277,59.8720,14.00,113.0710,105.6332,5,1389,80213,1278
world_far_drag,278,55.5560,14.00,113.0710,105.6346,5,1389,80213,1278
world_far_drag,279,56.6730,14.00,113.0710,105.6359,5,1389,80213,1278
world_far_drag,280,58.9320,14.00,113.0710,105.6373,5,1389,80213,1278
world_far_drag,281,55.0400,15.00,81.9640,105.6405,5,1389,80213,1278
world_far_drag,282,56.8200,15.00,81.9640,105.6401,5,1389,80213,1278
world_far_drag,283,68.7430,15.00,81.9640,105.6415,5,1389,80213,1278
world_far_drag,284,84.0580,15.00,81.9640,105.6428,5,1389,80213,1278
world_far_drag,285,62.6010,15.00,81.9640,105.6442,5,1389,80213,1278
world_far_drag,286,82.5550,15.00,81.9640,105.6456,5,1389,80213,1278
world_far_drag,287,77.4440,15.00,81.9640,105.6470,5,1389,80213,1278
world_far_drag,288,57.5930,15.00,81.9640,105.6484,5,1389,80213,1278
world_far_drag,289,56.4500,15.00,81.9640,105.6497,5,1389,80213,1278
world_far_drag,290,56.3510,15.00,81.9640,105.6511,5,1389,80213,1278
world_far_drag,291,55.6090,15.00,81.9640,105.6525,5,1389,80213,1278
world_far_drag,292,60.3450,15.00,81.9640,105.6539,5,1389,80213,1278
world_far_drag,293,57.6180,15.00,81.9640,105.6553,5,1389,80213,1278
world_far_drag,294,56.4010,15.00,81.9640,105.6567,5,1389,80213,1278
world_far_drag,295,56.6390,15.00,81.9640,105.6580,5,1389,80213,1278
world_far_drag,296,67.4860,15.00,81.9640,105.6594,5,1389,80213,1278
world_far_drag,297,60.5580,16.00,83.9110,105.6626,5,1389,80213,1278
world_far_drag,298,58.3910,16.00,83.9110,105.6622,5,1389,80213,1278
world_far_drag,299,71.4370,16.00,83.9110,105.6636,5,1389,80213,1278
world_far_drag,300,69.1260,16.00,83.9110,105.6649,5,1389,80213,1278
world_far_drag,301,59.5780,16.00,83.9110,105.6663,5,1389,80213,1278
world_far_drag,302,91.9710,16.00,83.9110,105.6677,5,1389,80213,1278
world_far_drag,303,95.6320,16.00,83.9110,105.6691,5,1389,80213,1278
world_far_drag,304,56.2510,16.00,83.9110,105.6705,5,1389,80213,1278
world_far_drag,305,57.9500,16.00,83.9110,105.6718,5,1389,80213,1278
world_far_drag,306,55.6780,16.00,83.9110,105.6732,5,1389,80213,1278
world_far_drag,307,55.4390,16.00,83.9110,105.6746,5,1389,80213,1278
france_drag,0,150.1500,16.00,83.9110,106.1621,5,3942,288292,1755
france_drag,1,211.6030,18.00,211.3160,106.1704,5,3942,288292,1761
france_drag,2,200.2190,18.00,211.3160,106.1712,5,3942,288292,1761
france_drag,3,180.9480,18.00,211.3160,106.1744,5,3942,288292,1759
france_drag,4,159.5200,18.00,211.3160,106.1779,5,3942,288292,1761
france_drag,5,190.3460,18.00,211.3160,106.1805,5,3942,288292,1761
france_drag,6,176.5840,5.00,200.0550,106.1833,5,3942,288292,1759
france_drag,7,197.3160,5.00,200.0550,106.1888,5,3942,288292,1759
france_drag,8,162.2020,5.00,200.0550,106.1885,5,3942,288292,1757
france_drag,9,174.6970,5.00,200.0550,106.1900,5,3942,288292,1755
france_drag,10,176.0920,5.00,200.0550,106.1914,5,3942,288292,1759
france_drag,11,157.2990,5.00,197.1500,106.1928,5,3942,288292,1761
france_drag,12,156.9230,5.00,197.1500,106.1943,5,3942,288292,1761
france_drag,13,154.0960,5.00,197.1500,106.1958,5,3942,288292,1759
france_drag,14,157.3310,5.00,197.1500,106.1990,5,3942,288292,1761
france_drag,15,170.5810,5.00,197.1500,106.1986,5,3942,288292,1761
france_drag,16,190.8570,5.00,197.1500,106.1999,5,3942,288292,1759
france_drag,17,166.7720,6.00,190.6540,106.2013,5,3942,288292,1759
france_drag,18,163.0700,6.00,190.6540,106.2029,5,3942,288292,1757
france_drag,19,182.8090,6.00,190.6540,106.2045,5,3942,288292,1755
france_drag,20,163.4260,6.00,190.6540,106.2077,5,3942,288292,1759
france_drag,21,160.0790,6.00,190.6540,106.2073,5,3942,288292,1761
france_drag,22,168.3250,6.00,190.6540,106.2086,5,3942,288292,1761
france_drag,23,177.6620,6.00,182.5120,106.2100,5,3942,288292,1759
france_drag,24,162.3970,6.00,182.5120,106.2114,5,3942,288292,1761
france_drag,25,163.4370,6.00,182.5120,106.2128,5,3942,288292,1759
france_drag,26,154.2540,6.00,182.5120,106.2142,5,3942,288292,1759
france_drag,27,156.8620,6.00,182.5120,106.2176,5,3942,288292,1759
france_drag,28,158.0300,6.00,182.5120,106.2176,5,3942,288292,1757
france_drag,29,167.6280,6.00,167.3550,106.2189,5,3942,288292,1755
france_drag,30,180.7200,6.00,167.3550,106.2203,5,3942,288292,1757
france_drag,31,194.4850,6.00,167.3550,106.2217,5,3942,288292,1761
france_drag,32,210.7470,6.00,167.3550,106.2231,5,3942,288292,1761
france_drag,33,213.1340,6.00,167.3550,106.2263,5,3942,288292,1759
france_drag,34,170.6580,6.00,167.3550,106.2258,5,3942,288292,1761
france_drag,35,160.2610,6.00,212.9200,106.2272,5,3942,288292,1759
france_drag,36,157.1250,6.00,212.9200,106.2286,5,3942,288292,1761
france_drag,37,214.4500,6.00,212.9200,106.2300,5,3942,288292,1759
france_drag,38,177.5350,6.00,212.9200,106.2314,5,3942,288292,1757
france_drag,39,184.9800,6.00,212.9200,106.2345,5,3942,288292,1755
france_drag,40,163.4270,5.00,214.2390,106.2341,5,3942,288292,1757
france_drag,41,198.3790,5.00,214.2390,106.2362,5,3943,288294,1761
france_drag,42,192.4620,5.00,214.2390,106.2379,5,3942,288292,1761
france_drag,43,169.2300,5.00,214.2390,106.2393,5,3942,288292,1759
france_drag,44,196.2220,5.00,214.2390,106.2407,5,3942,288292,1761
france_drag,45,177.1360,5.00,214.2390,106.2439,5,3942,288292,1759
france_drag,46,163.2920,6.00,198.1880,106.2434,5,3942,288292,1761
france_drag,47,182.6150,6.00,198.1880,106.2448,5,3942,288292,1759
france_drag,48,177.6270,6.00,198.1880,106.2462,5,3942,288292,1757
france_drag,49,177.9160,6.00,198.1880,106.2476,5,3942,288292,1755
france_drag,50,172.2050,6.00,198.1880,106.2490,5,3942,288292,1755
france_drag,51,163.5950,5.00,182.1360,106.2521,5,3942,288292,1759
france_drag,52,219.1460,5.00,182.1360,106.2517,5,3942,288292,1761
france_drag,53,210.3260,5.00,182.1360,106.2531,5,3942,288292,1759
france_drag,54,215.4000,5.00,182.1360,106.2545,5,3942,288292,1761
france_drag,55,223.2900,5.00,182.1360,106.2559,5,3942,288292,1761
france_drag,56,172.9350,5.00,223.0600,106.2590,5,3942,288292,1761
france_drag,57,172.9310,5.00,223.0600,106.2586,5,3942,288292,1759
france_drag,58,181.3980,5.00,223.0600,106.2600,5,3942,288292,1757
france_drag,59,162.8530,5.00,223.0600,106.2614,5,3942,288292,1755
france_drag,60,213.0910,5.00,223.0600,106.2628,5,3942,288292,1757
france_drag,61,166.0300,5.00,223.0600,106.2642,5,3942,288292,1759
france_drag,62,171.6260,6.00,212.9760,106.2680,5,3942,288292,1761
france_drag,63,157.6290,6.00,212.9760,106.2683,5,3942,288292,1761
france_drag,64,203.6650,6.00,212.9760,106.2697,5,3942,288292,1761
france_drag,65,202.6080,6.00,212.9760,106.2711,5,3942,288292,1759
france_drag,66,169.3040,6.00,212.9760,106.2725,5,3942,288292,1761
france_drag,67,157.5860,5.00,203.4850,106.2739,5,3942,288292,1759
france_drag,68,224.5330,5.00,203.4850,106.2770,5,3942,288292,1755
france_drag,69,156.1580,5.00,203.4850,106.2766,5,3942,288292,1755
france_drag,70,211.8560,5.00,203.4850,106.2780,5,3942,288292,1757
france_drag,71,200.8640,5.00,203.4850,106.2794,5,3942,288292,1759
france_drag,72,160.0070,5.00,203.4850,106.2808,5,3942,288292,1761
france_drag,73,174.5530,6.00,224.3180,106.2822,5,3942,288292,1759
france_drag,74,156.1160,6.00,224.3180,106.2853,5,3942,288292,1761
france_drag,75,253.7570,6.00,224.3180,106.2849,5,3942,288292,1759
france_drag,76,175.7820,6.00,224.3180,106.2863,5,3942,288292,1761
france_drag,77,218.4150,6.00,224.3180,106.2877,5,3942,288292,1759
france_drag,78,226.2720,5.00,253.5980,106.2891,5,3942,288292,1757
france_drag,79,223.2690,5.00,253.5980,106.2922,5,3942,288292,1755
france_drag,80,197.4350,5.00,253.5980,106.2918,5,3942,288292,1757
france_drag,81,245.3370,5.00,253.5980,106.2932,5,3942,288292,1759
france_drag,82,193.7410,5.00,253.5980,106.2946,5,3942,288292,1761
france_drag,83,155.7130,5.00,245.1650,106.2960,5,3942,288292,1759
france_drag,84,245.1740,5.00,245.1650,106.2991,5,3942,288292,1761
france_drag,85,165.2970,5.00,245.1650,106.2987,5,3942,288292,1759
france_drag,86,163.9110,5.00,245.1650,106.3001,5,3942,288292,1761
france_drag,87,200.9160,5.00,245.1650,106.3015,5,3942,288292,1761
france_drag,88,194.5600,5.00,244.8670,106.3029,5,3942,288292,1757
france_drag,89,195.7780,5.00,244.8670,106.3042,5,3942,288292,1755
france_drag,90,234.8010,5.00,244.8670,106.3074,5,3942,288292,1757
france_drag,91,230.9550,5.00,244.8670,106.3070,5,3942,288292,1759
france_drag,92,197.4870,5.00,244.8670,106.3084,5,3942,288292,1759
france_drag,93,186.5510,5.00,234.6610,106.3108,5,3942,288292,1759
france_drag,94,184.5150,5.00,234.6610,106.3133,5,3942,288292,1761
france_drag,95,232.5770,5.00,234.6610,106.3165,5,3942,288292,1759
france_drag,96,189.9580,5.00,234.6610,106.3161,5,3942,288292,1761
france_drag,97,230.3480,5.00,234.6610,106.3174,5,3942,288292,1761
france_drag,98,177.5300,5.00,232.2470,106.3188,5,3942,288292,1759
france_drag,99,177.9010,5.00,232.2470,106.3202,5,3942,288292,1755
france_drag,100,242.9920,5.00,232.2470,106.3234,5,3942,288292,1757
france_drag,101,166.5970,5.00,232.2470,106.3230,5,3942,288292,1759
france_drag,102,233.5060,5.00,232.2470,106.3244,5,3942,288292,1759
france_drag,103,192.9110,5.00,242.7720,106.3257,5,3942,288292,1761
france_drag,104,178.8410,5.00,242.7720,106.3271,5,3942,288292,1761
france_drag,105,236.1210,5.00,242.7720,106.3303,5,3942,288292,1759
france_drag,106,205.5470,5.00,242.7720,106.3299,5,3942,288292,1761
france_drag,107,219.8160,4.00,235.8820,106.3313,5,3942,288292,1761
nord_96x_drag,0,166.7450,4.00,235.8820,106.8876,5,10532,294812,1736
nord_96x_drag,1,229.6930,4.00,235.8820,106.8926,5,10530,294808,1733
nord_96x_drag,2,216.7580,4.00,235.8820,106.8926,5,10530,294808,1733
nord_96x_drag,3,192.7620,10.00,229.4560,106.8942,5,10530,294808,1733
nord_96x_drag,4,210.4220,10.00,229.4560,106.8956,5,10530,294808,1735
nord_96x_drag,5,194.7020,10.00,229.4560,106.8973,5,10534,294816,1736
nord_96x_drag,6,169.0690,10.00,229.4560,106.8988,5,10534,294816,1734
nord_96x_drag,7,166.1310,10.00,229.4560,106.9019,5,10534,294816,1734
nord_96x_drag,8,184.0920,5.00,210.2270,106.9019,5,10534,294816,1734
nord_96x_drag,9,179.7650,5.00,210.2270,106.9036,5,10534,294816,1736
nord_96x_drag,10,175.6110,5.00,210.2270,106.9050,5,10534,294816,1736
nord_96x_drag,11,169.4160,5.00,210.2270,106.9064,5,10534,294816,1734
nord_96x_drag,12,180.9350,5.00,210.2270,106.9079,5,10530,294808,1733
nord_96x_drag,13,171.2260,5.00,210.2270,106.9112,5,10530,294808,1733
nord_96x_drag,14,186.1080,6.00,185.9780,106.9108,5,10530,294808,1735
nord_96x_drag,15,234.3960,6.00,185.9780,106.9122,5,10530,294808,1735
nord_96x_drag,16,169.8610,6.00,185.9780,106.9136,5,10530,294808,1733
nord_96x_drag,17,173.3630,6.00,185.9780,106.9150,5,10530,294808,1733
nord_96x_drag,18,172.7630,6.00,185.9780,106.9165,5,10530,294808,1733
nord_96x_drag,19,173.9130,5.00,234.2270,106.9199,5,10530,294808,1735
nord_96x_drag,20,176.1180,5.00,234.2270,106.9195,5,10530,294808,1735
nord_96x_drag,21,189.7710,5.00,234.2270,106.9209,5,10530,294808,1733
nord_96x_drag,22,180.5290,5.00,234.2270,106.9223,5,10530,294808,1733
nord_96x_drag,23,186.9750,5.00,234.2270,106.9237,5,10530,294808,1733
nord_96x_drag,24,188.0530,5.00,189.6340,106.9250,5,10527,294802,1734
nord_96x_drag,25,199.2830,5.00,189.6340,106.9282,5,10527,294802,1734
nord_96x_drag,26,184.3030,5.00,189.6340,106.9278,5,10527,294802,1732
nord_96x_drag,27,180.4000,5.00,189.6340,106.9295,5,10527,294802,1732
nord_96x_drag,28,177.5180,5.00,189.6340,106.9312,5,10527,294802,1732
nord_96x_drag,29,217.6430,5.00,189.6340,106.9326,5,10527,294802,1734
nord_96x_drag,30,179.2640,6.00,217.5040,106.9340,5,10524,294796,1733
nord_96x_drag,31,178.4160,6.00,217.5040,106.9371,5,10524,294796,1731
nord_96x_drag,32,188.0050,6.00,217.5040,106.9367,5,10524,294796,1731
nord_96x_drag,33,177.1970,6.00,217.5040,106.9381,5,10524,294796,1731
nord_96x_drag,34,200.5270,6.00,217.5040,106.9395,5,10524,294796,1733
nord_96x_drag,35,187.5070,5.00,200.4030,106.9409,5,10524,294796,1733
nord_96x_drag,36,203.1230,5.00,200.4030,106.9422,5,10519,294786,1730
nord_96x_drag,37,177.9090,5.00,200.4030,106.9453,5,10519,294786,1730
nord_96x_drag,38,187.4440,5.00,200.4030,106.9449,5,10519,294786,1730
nord_96x_drag,39,365.3260,5.00,200.4030,106.9468,5,10519,294786,1732
nord_96x_drag,40,185.7880,5.00,203.0110,106.9486,5,10519,294786,1732
nord_96x_drag,41,182.0920,5.00,203.0110,106.9500,5,10519,294786,1730
nord_96x_drag,42,170.9130,5.00,203.0110,106.9536,5,10519,294786,1730
nord_96x_drag,43,199.9890,5.00,203.0110,106.9532,5,10519,294786,1730
nord_96x_drag,44,207.3470,5.00,203.0110,106.9546,5,10519,294786,1732
nord_96x_drag,45,182.4560,5.00,207.1190,106.9560,5,10519,294786,1732
nord_96x_drag,46,202.3290,5.00,207.1190,106.9574,5,10519,294786,1730
nord_96x_drag,47,259.0560,5.00,207.1190,106.9606,5,10524,294796,1731
nord_96x_drag,48,179.2800,5.00,207.1190,106.9602,5,10524,294796,1731
nord_96x_drag,49,188.7240,5.00,207.1190,106.9616,5,10524,294796,1733
nord_96x_drag,50,191.7940,5.00,258.8410,106.9630,5,10524,294796,1733
nord_96x_drag,51,179.6660,5.00,258.8410,106.9644,5,10524,294796,1731
nord_96x_drag,52,173.0290,5.00,258.8410,106.9658,5,10524,294796,1731
nord_96x_drag,53,185.6340,5.00,258.8410,106.9689,5,10527,294802,1732
nord_96x_drag,54,207.9610,5.00,258.8410,106.9685,5,10527,294802,1734
nord_96x_drag,55,173.2170,5.00,207.7800,106.9699,5,10527,294802,1734
nord_96x_drag,56,170.5470,5.00,207.7800,106.9713,5,10527,294802,1732
nord_96x_drag,57,172.1590,5.00,207.7800,106.9745,5,10527,294802,1732
nord_96x_drag,58,186.3930,5.00,207.7800,106.9759,5,10527,294802,1732
nord_96x_drag,59,175.8170,5.00,207.7800,106.9790,5,10530,294808,1735
nord_96x_drag,60,191.4590,5.00,207.7800,106.9786,5,10530,294808,1733
nord_96x_drag,61,195.5110,6.00,195.4070,106.9807,5,10530,294808,1733
nord_96x_drag,62,176.3740,6.00,195.4070,106.9821,5,10530,294808,1733
nord_96x_drag,63,193.0250,6.00,195.4070,106.9842,5,10530,294808,1735
nord_96x_drag,64,184.8320,6.00,195.4070,106.9856,5,10530,294808,1735
nord_96x_drag,65,184.2640,6.00,195.4070,106.9887,5,10530,294808,1733
nord_96x_drag,66,175.8510,5.00,192.8850,106.9883,5,10530,294808,1733
nord_96x_drag,67,194.6920,5.00,192.8850,106.9897,5,10530,294808,1733
nord_96x_drag,68,176.5950,5.00,192.8850,106.9911,5,10530,294808,1735
nord_96x_drag,69,174.1620,5.00,192.8850,106.9925,5,10530,294808,1735
nord_96x_drag,70,178.2470,5.00,192.8850,106.9938,5,10530,294808,1733
nord_96x_drag,71,189.1850,5.00,192.8850,106.9970,5,10534,294816,1734
nord_96x_drag,72,202.6900,6.00,202.6190,106.9966,5,10534,294816,1734
nord_96x_drag,73,200.4690,6.00,202.6190,106.9980,5,10534,294816,1736
nord_96x_drag,74,226.8660,6.00,202.6190,106.9994,5,10534,294816,1736
nord_96x_drag,75,189.9480,6.00,202.6190,107.0007,5,10534,294816,1734
nord_96x_drag,76,181.8680,4.00,226.6630,107.0039,5,10534,294816,1734
nord_96x_drag,77,230.8380,4.00,226.6630,107.0035,5,10534,294816,1734
nord_96x_drag,78,198.5820,4.00,226.6630,107.0049,5,10534,294816,1736
nord_96x_drag,79,178.0550,4.00,226.6630,107.0063,5,10534,294816,1736
nord_96x_drag,80,187.4920,4.00,226.6630,107.0077,5,10534,294816,1734
nord_96x_drag,81,196.1410,4.00,226.6630,107.0090,5,10534,294816,1734
nord_96x_drag,82,175.8420,6.00,230.7110,107.0125,5,10536,294820,1735
nord_96x_drag,83,186.1420,6.00,230.7110,107.0121,5,10536,294820,1737
nord_96x_drag,84,175.3080,6.00,230.7110,107.0134,5,10536,294820,1737
nord_96x_drag,85,171.5590,6.00,230.7110,107.0147,5,10534,294816,1734
nord_96x_drag,86,182.7420,6.00,230.7110,107.0161,5,10534,294816,1734
nord_96x_drag,87,176.0800,5.00,186.0140,107.0175,5,10534,294816,1734
nord_96x_drag,88,177.9610,5.00,186.0140,107.0206,5,10534,294816,1736
nord_96x_drag,89,168.3260,5.00,186.0140,107.0202,5,10534,294816,1736
nord_96x_drag,90,197.6740,5.00,186.0140,107.0216,5,10534,294816,1734
nord_96x_drag,91,182.7990,5.00,186.0140,107.0230,5,10534,294816,1734
nord_96x_drag,92,199.3710,5.00,186.0140,107.0254,5,10534,294816,1734
nord_96x_drag,93,180.3690,6.00,199.2450,107.0268,5,10534,294816,1736
nord_96x_drag,94,181.9300,6.00,199.2450,107.0311,5,10534,294816,1736
nord_96x_drag,95,185.2640,6.00,199.2450,107.0307,5,10534,294816,1734
nord_96x_drag,96,174.2140,6.00,199.2450,107.0320,5,10530,294808,1733
nord_96x_drag,97,182.0180,6.00,199.2450,107.0334,5,10530,294808,1733
nord_96x_drag,98,183.2400,5.00,184.9760,107.0348,5,10530,294808,1735
nord_96x_drag,99,200.3130,5.00,184.9760,107.0362,5,10530,294808,1735
nord_96x_drag,100,226.6940,5.00,184.9760,107.0393,5,10530,294808,1733
nord_96x_drag,101,193.7570,5.00,184.9760,107.0389,5,10530,294808,1733
nord_96x_drag,102,239.0580,5.00,184.9760,107.0403,5,10530,294808,1733
nord_96x_drag,103,222.8830,5.00,238.8600,107.0417,5,10530,294808,1735
nord_96x_drag,104,200.4660,5.00,238.8600,107.0431,5,10530,294808,1735
nord_96x_drag,105,234.0530,5.00,238.8600,107.0462,5,10530,294808,1733
nord_96x_character_panel_drag,0,162.8560,4.00,304.7710,107.3502,5,10657,296124,1771
nord_96x_character_panel_drag,1,262.0630,4.00,304.7710,107.3528,5,10655,296120,1768
nord_96x_character_panel_drag,2,238.0710,4.00,304.7710,107.3560,5,10655,296120,1770
nord_96x_character_panel_drag,3,206.9790,4.00,304.7710,107.3557,5,10655,296120,1770
nord_96x_character_panel_drag,4,201.6790,9.00,261.8790,107.3571,5,10655,296120,1768
nord_96x_character_panel_drag,5,192.3550,9.00,261.8790,107.3586,5,10655,296120,1768
nord_96x_character_panel_drag,6,171.9350,9.00,261.8790,107.3600,5,10659,296128,1771
nord_96x_character_panel_drag,7,170.6180,9.00,261.8790,107.3614,5,10659,296128,1769
nord_96x_character_panel_drag,8,173.7900,9.00,261.8790,107.3646,5,10659,296128,1769
nord_96x_character_panel_drag,9,199.1330,9.00,261.8790,107.3643,5,10659,296128,1771
nord_96x_character_panel_drag,10,191.4740,6.00,198.8260,107.3657,5,10659,296128,1769
nord_96x_character_panel_drag,11,182.2230,6.00,198.8260,107.3671,5,10659,296128,1769
nord_96x_character_panel_drag,12,190.6160,6.00,198.8260,107.3686,5,10659,296128,1771
nord_96x_character_panel_drag,13,180.6500,6.00,198.8260,107.3701,5,10655,296120,1770
nord_96x_character_panel_drag,14,168.5890,6.00,198.8260,107.3733,5,10655,296120,1768
nord_96x_character_panel_drag,15,173.2390,5.00,189.5170,107.3729,5,10655,296120,1770
nord_96x_character_panel_drag,16,176.1850,5.00,189.5170,107.3743,5,10655,296120,1770
nord_96x_character_panel_drag,17,174.8330,5.00,189.5170,107.3757,5,10655,296120,1768
nord_96x_character_panel_drag,18,178.0790,5.00,189.5170,107.3772,5,10655,296120,1768
nord_96x_character_panel_drag,19,176.1950,5.00,189.5170,107.3788,5,10655,296120,1770
nord_96x_character_panel_drag,20,182.3130,5.00,189.5170,107.3820,5,10655,296120,1768
nord_96x_character_panel_drag,21,190.7280,6.00,190.3640,107.3816,5,10655,296120,1768
nord_96x_character_panel_drag,22,184.8200,6.00,190.3640,107.3830,5,10655,296120,1770
nord_96x_character_panel_drag,23,178.9330,6.00,190.3640,107.3844,5,10655,296120,1770
nord_96x_character_panel_drag,24,203.7470,6.00,190.3640,107.3857,5,10655,296120,1768
nord_96x_character_panel_drag,25,182.3950,6.00,190.3640,107.3871,5,10655,296120,1770
nord_96x_character_panel_drag,26,173.0630,5.00,203.6150,107.3903,5,10652,296114,1769
nord_96x_character_panel_drag,27,177.8080,5.00,203.6150,107.3902,5,10652,296114,1767
nord_96x_character_panel_drag,28,168.9590,5.00,203.6150,107.3919,5,10652,296114,1767
nord_96x_character_panel_drag,29,186.3130,5.00,203.6150,107.3933,5,10652,296114,1769
nord_96x_character_panel_drag,30,191.1390,5.00,203.6150,107.3947,5,10652,296114,1767
nord_96x_character_panel_drag,31,236.9540,5.00,203.6150,107.3960,5,10652,296114,1767
nord_96x_character_panel_drag,32,177.4510,6.00,236.5130,107.3992,5,10649,296108,1768
nord_96x_character_panel_drag,33,182.8930,6.00,236.5130,107.3988,5,10649,296108,1768
nord_96x_character_panel_drag,34,204.2360,6.00,236.5130,107.4002,5,10649,296108,1766
nord_96x_character_panel_drag,35,224.9750,6.00,236.5130,107.4016,5,10649,296108,1768
nord_96x_character_panel_drag,36,243.3670,4.00,243.1860,107.4029,5,10649,296108,1768
nord_96x_character_panel_drag,37,215.7960,4.00,243.1860,107.4061,5,10649,296108,1766
nord_96x_character_panel_drag,38,215.5050,4.00,243.1860,107.4057,5,10649,296108,1766
nord_96x_character_panel_drag,39,172.5370,4.00,243.1860,107.4070,5,10644,296098,1767
nord_96x_character_panel_drag,40,201.4920,4.00,243.1860,107.4084,5,10644,296098,1765
nord_96x_character_panel_drag,41,173.6210,5.00,215.6670,107.4102,5,10644,296098,1765
nord_96x_character_panel_drag,42,190.4370,5.00,215.6670,107.4121,5,10644,296098,1767
nord_96x_character_panel_drag,43,257.5970,5.00,215.6670,107.4153,5,10644,296098,1767
nord_96x_character_panel_drag,44,208.1510,5.00,215.6670,107.4150,5,10649,296108,1766
nord_96x_character_panel_drag,45,232.7340,5.00,215.6670,107.4163,5,10649,296108,1768
nord_96x_character_panel_drag,46,208.7910,5.00,257.4440,107.4177,5,10649,296108,1768
nord_96x_character_panel_drag,47,241.8290,5.00,257.4440,107.4191,5,10649,296108,1766
nord_96x_character_panel_drag,48,270.9530,5.00,257.4440,107.4223,5,10649,296108,1766
nord_96x_character_panel_drag,49,281.7440,5.00,257.4440,107.4219,5,10649,296108,1768
nord_96x_character_panel_drag,50,202.8360,4.00,281.6380,107.4232,5,10649,296108,1766
nord_96x_character_panel_drag,51,181.1870,4.00,281.6380,107.4246,5,10652,296114,1767
nord_96x_character_panel_drag,52,209.3000,4.00,281.6380,107.4260,5,10652,296114,1769
nord_96x_character_panel_drag,53,253.0120,4.00,281.6380,107.4292,5,10652,296114,1769
nord_96x_character_panel_drag,54,246.9160,4.00,281.6380,107.4288,5,10652,296114,1767
nord_96x_character_panel_drag,55,249.8810,5.00,252.7740,107.4301,5,10652,296114,1769
nord_96x_character_panel_drag,56,249.7390,5.00,252.7740,107.4315,5,10652,296114,1769
nord_96x_character_panel_drag,57,270.8350,5.00,252.7740,107.4347,5,10655,296120,1768
nord_96x_character_panel_drag,58,173.2790,5.00,252.7740,107.4343,5,10655,296120,1768
nord_96x_character_panel_drag,59,219.1420,4.00,270.6370,107.4357,5,10655,296120,1770
nord_96x_character_panel_drag,60,185.8030,4.00,270.6370,107.4371,5,10655,296120,1768
nord_96x_character_panel_drag,61,296.9250,4.00,270.6370,107.4384,5,10655,296120,1768
nord_96x_character_panel_drag,62,199.6180,4.00,270.6370,107.4423,5,10655,296120,1770
nord_96x_character_panel_drag,63,211.6640,4.00,296.7660,107.4426,5,10655,296120,1770
nord_96x_character_panel_drag,64,192.5200,4.00,296.7660,107.4440,5,10655,296120,1768
nord_96x_character_panel_drag,65,179.4140,4.00,296.7660,107.4454,5,10655,296120,1770
nord_96x_character_panel_drag,66,256.1620,4.00,296.7660,107.4468,5,10655,296120,1770
nord_96x_character_panel_drag,67,240.7490,4.00,296.7660,107.4499,5,10655,296120,1768
nord_96x_character_panel_drag,68,228.2810,5.00,256.0400,107.4495,5,10655,296120,1768
nord_96x_character_panel_drag,69,217.8160,5.00,256.0400,107.4509,5,10655,296120,1770
nord_96x_character_panel_drag,70,256.2380,5.00,256.0400,107.4523,5,10659,296128,1769
nord_96x_character_panel_drag,71,197.8820,5.00,256.0400,107.4537,5,10659,296128,1769
nord_96x_character_panel_drag,72,221.8890,4.00,256.0450,107.4568,5,10659,296128,1771
nord_96x_character_panel_drag,73,249.6030,4.00,256.0450,107.4564,5,10659,296128,1771
nord_96x_character_panel_drag,74,270.8300,4.00,256.0450,107.4578,5,10659,296128,1769
nord_96x_character_panel_drag,75,220.5550,4.00,256.0450,107.4592,5,10659,296128,1771
nord_96x_character_panel_drag,76,217.9190,4.00,270.6410,107.4606,5,10659,296128,1771
nord_96x_character_panel_drag,77,235.8210,4.00,270.6410,107.4637,5,10659,296128,1769
nord_96x_character_panel_drag,78,266.7940,4.00,270.6410,107.4633,5,10659,296128,1769
nord_96x_character_panel_drag,79,230.0290,4.00,270.6410,107.4647,5,10659,296128,1771
nord_96x_character_panel_drag,80,221.7820,4.00,270.6410,107.4661,5,10659,296128,1769
nord_96x_character_panel_drag,81,182.5980,5.00,266.5730,107.4675,5,10659,296128,1769
nord_96x_character_panel_drag,82,218.0020,5.00,266.5730,107.4708,5,10661,296132,1772
nord_96x_character_panel_drag,83,217.5540,5.00,266.5730,107.4705,5,10661,296132,1772
nord_96x_character_panel_drag,84,231.9950,5.00,266.5730,107.4719,5,10661,296132,1770
nord_96x_character_panel_drag,85,232.7350,4.00,232.5810,107.4731,5,10659,296128,1771
nord_96x_character_panel_drag,86,284.9940,4.00,232.5810,107.4745,5,10659,296128,1771
nord_96x_character_panel_drag,87,245.6060,4.00,232.5810,107.4777,5,10659,296128,1769
nord_96x_character_panel_drag,88,210.7700,4.00,232.5810,107.4773,5,10659,296128,1769
nord_96x_character_panel_drag,89,180.2960,4.00,284.4680,107.4787,5,10659,296128,1771
nord_96x_character_panel_drag,90,268.9880,4.00,284.4680,107.4800,5,10659,296128,1769
nord_96x_character_panel_drag,91,181.6970,4.00,284.4680,107.4814,5,10659,296128,1769
nord_96x_character_panel_drag,92,195.0670,4.00,284.4680,107.4846,5,10659,296128,1771
nord_96x_character_panel_drag,93,231.8430,4.00,284.4680,107.4853,5,10659,296128,1771
nord_96x_character_panel_drag,94,218.8860,5.00,268.8120,107.4877,5,10659,296128,1769
nord_96x_population_drag,0,198.9020,5.00,268.8120,107.3905,5,10530,294808,1734
nord_96x_population_drag,1,204.7080,5.00,268.8120,107.3949,5,10528,294804,1733
nord_96x_population_drag,2,271.3540,5.00,268.8120,107.3946,5,10528,294804,1735
nord_96x_population_drag,3,220.7130,8.00,271.2100,107.3960,5,10528,294804,1733
nord_96x_population_drag,4,184.0290,8.00,271.2100,107.3975,5,10528,294804,1735
nord_96x_population_drag,5,227.3030,8.00,271.2100,107.3990,5,10528,294804,1733
nord_96x_population_drag,6,224.2790,8.00,271.2100,107.4023,5,10532,294812,1734
nord_96x_population_drag,7,283.3590,4.00,283.1510,107.4019,5,10532,294812,1736
nord_96x_population_drag,8,235.3120,4.00,283.1510,107.4034,5,10532,294812,1734
nord_96x_population_drag,9,202.4880,4.00,283.1510,107.4049,5,10532,294812,1736
nord_96x_population_drag,10,214.5140,4.00,283.1510,107.4063,5,10532,294812,1734
nord_96x_population_drag,11,265.0840,4.00,264.8720,107.4095,5,10532,294812,1734
nord_96x_population_drag,12,251.2250,4.00,264.8720,107.4093,5,10532,294812,1736
nord_96x_population_drag,13,198.4540,4.00,264.8720,107.4108,5,10532,294812,1734
nord_96x_population_drag,14,217.2380,4.00,264.8720,107.4123,5,10532,294812,1736
nord_96x_population_drag,15,259.8850,4.00,264.8720,107.4137,5,10528,294804,1733
nord_96x_population_drag,16,203.2980,5.00,259.5070,107.4169,5,10528,294804,1733
nord_96x_population_drag,17,207.5950,5.00,259.5070,107.4165,5,10528,294804,1735
nord_96x_population_drag,18,250.7130,5.00,259.5070,107.4181,5,10528,294804,1733
nord_96x_population_drag,19,208.8480,5.00,259.5070,107.4197,5,10528,294804,1735
nord_96x_population_drag,20,245.1170,4.00,250.4690,107.4212,5,10528,294804,1733
nord_96x_population_drag,21,203.0900,4.00,250.4690,107.4244,5,10528,294804,1733
nord_96x_population_drag,22,200.5680,4.00,250.4690,107.4240,5,10528,294804,1735
nord_96x_market_drag,0,190.7420,4.00,250.4690,107.4089,5,10532,294812,1735
nord_96x_market_drag,1,175.5090,8.00,231.5760,107.4115,5,10530,294808,1734
nord_96x_market_drag,2,222.4700,8.00,231.5760,107.4147,5,10530,294808,1736
nord_96x_market_drag,3,253.3310,8.00,231.5760,107.4144,5,10530,294808,1734
nord_96x_market_drag,4,233.5830,8.00,231.5760,107.4158,5,10530,294808,1736
nord_96x_market_drag,5,193.8400,4.00,253.1960,107.4173,5,10530,294808,1734
nord_96x_market_drag,6,212.0380,4.00,253.1960,107.4187,5,10534,294816,1735
nord_96x_market_drag,7,181.1560,4.00,253.1960,107.4219,5,10534,294816,1737
nord_96x_market_drag,8,228.9470,4.00,253.1960,107.4216,5,10534,294816,1735
nord_96x_market_drag,9,178.6010,4.00,253.1960,107.4230,5,10534,294816,1737
nord_96x_market_drag,10,232.3800,5.00,232.1960,107.4244,5,10534,294816,1735
nord_96x_market_drag,11,211.9510,5.00,232.1960,107.4258,5,10534,294816,1735
nord_96x_market_drag,12,234.2380,5.00,232.1960,107.4291,5,10534,294816,1737
nord_96x_market_drag,13,222.1210,5.00,232.1960,107.4288,5,10534,294816,1735
nord_96x_market_drag,14,214.8460,5.00,232.1960,107.4302,5,10534,294816,1737
nord_96x_market_drag,15,232.9910,5.00,233.8370,107.4316,5,10530,294808,1734
nord_96x_market_drag,16,183.9980,5.00,233.8370,107.4330,5,10530,294808,1734
nord_96x_market_drag,17,184.4270,5.00,233.8370,107.4361,5,10530,294808,1736
nord_96x_market_drag,18,177.2900,5.00,233.8370,107.4360,5,10530,294808,1734
nord_96x_market_drag,19,267.0630,5.00,233.8370,107.4375,5,10530,294808,1736
nord_96x_market_drag,20,219.9510,5.00,266.9620,107.4389,5,10530,294808,1734
nord_96x_market_drag,21,193.1750,5.00,266.9620,107.4403,5,10530,294808,1734
nord_96x_market_drag,22,165.4990,5.00,266.9620,107.4417,5,10530,294808,1736
nord_96x_market_drag,23,202.9470,5.00,266.9620,107.4431,5,10530,294808,1734
nord_96x_war_drag,0,206.1150,4.00,226.0070,107.6792,5,10532,294812,1735
nord_96x_war_drag,1,224.2900,4.00,226.0070,107.6818,5,10530,294808,1734
nord_96x_war_drag,2,278.1130,4.00,226.0070,107.6850,5,10530,294808,1736
nord_96x_war_drag,3,272.1060,4.00,226.0070,107.6846,5,10530,294808,1734
nord_96x_war_drag,4,197.6380,8.00,277.7650,107.6860,5,10530,294808,1736
nord_96x_war_drag,5,204.5660,8.00,277.7650,107.6875,5,10530,294808,1734
nord_96x_war_drag,6,320.5160,8.00,277.7650,107.6889,5,10534,294816,1735
nord_96x_war_drag,7,191.6820,8.00,277.7650,107.6921,5,10534,294816,1737
nord_96x_war_drag,8,230.4310,4.00,320.0930,107.6918,5,10534,294816,1735
nord_96x_war_drag,9,264.7390,4.00,320.0930,107.6933,5,10534,294816,1737
nord_96x_war_drag,10,264.2620,4.00,320.0930,107.6947,5,10534,294816,1735
nord_96x_war_drag,11,191.0440,4.00,320.0930,107.6960,5,10534,294816,1735
nord_96x_war_drag,12,229.7720,4.00,264.4790,107.6993,5,10534,294816,1737
nord_96x_war_drag,13,181.9050,4.00,264.4790,107.6991,5,10534,294816,1735
nord_96x_war_drag,14,216.1160,4.00,264.4790,107.7004,5,10534,294816,1737
nord_96x_war_drag,15,241.1690,4.00,264.4790,107.7018,5,10530,294808,1734
nord_96x_war_drag,16,180.7870,4.00,264.4790,107.7032,5,10530,294808,1734
nord_96x_war_drag,17,233.4420,5.00,241.0150,107.7064,5,10530,294808,1736
nord_96x_war_drag,18,209.5250,5.00,241.0150,107.7062,5,10530,294808,1734
nord_96x_war_drag,19,227.7930,5.00,241.0150,107.7078,5,10530,294808,1736
nord_96x_war_drag,20,178.2050,5.00,241.0150,107.7091,5,10530,294808,1734
nord_96x_war_drag,21,184.9700,4.00,227.5940,107.7105,5,10530,294808,1734
nord_96x_war_drag,22,199.8250,4.00,227.5940,107.7137,5,10530,294808,1736
nord_96x_rapid_zoom_100,0,231.5540,4.00,227.5940,107.6965,5,8860,293160,1743
nord_96x_rapid_zoom_100,1,280.5290,4.00,227.5940,107.6989,5,10532,294812,1736
nord_96x_rapid_zoom_100,2,197.8550,8.00,280.0220,107.7022,5,8860,293160,1743
nord_96x_rapid_zoom_100,3,192.5360,8.00,280.0220,107.7018,5,10532,294812,1736
nord_96x_rapid_zoom_100,4,206.7420,8.00,280.0220,107.7035,5,8860,293160,1741
nord_96x_rapid_zoom_100,5,186.7610,8.00,280.0220,107.7049,5,10532,294812,1736
nord_96x_rapid_zoom_100,6,174.7130,8.00,280.0220,107.7064,5,8860,293160,1741
nord_96x_rapid_zoom_100,7,197.6690,5.00,206.5560,107.7078,5,10536,294820,1737
nord_96x_rapid_zoom_100,8,184.0780,5.00,206.5560,107.7114,5,8860,293160,1740
nord_96x_rapid_zoom_100,9,189.5120,5.00,206.5560,107.7110,5,10536,294820,1737
nord_96x_rapid_zoom_100,10,195.4250,5.00,206.5560,107.7124,5,8860,293160,1740
nord_96x_rapid_zoom_100,11,181.2590,5.00,206.5560,107.7138,5,10536,294820,1737
nord_96x_rapid_zoom_100,12,185.3250,5.00,195.3130,107.7155,5,8860,293160,1740
nord_96x_rapid_zoom_100,13,171.6270,5.00,195.3130,107.7170,5,10536,294820,1737
nord_96x_rapid_zoom_100,14,170.1270,5.00,195.3130,107.7202,5,8860,293160,1740
nord_96x_rapid_zoom_100,15,165.9920,5.00,195.3130,107.7198,5,10539,294826,1738
nord_96x_rapid_zoom_100,16,171.4220,5.00,195.3130,107.7218,5,8860,293160,1743
nord_96x_rapid_zoom_100,17,168.3720,5.00,195.3130,107.7232,5,10539,294826,1738
nord_96x_rapid_zoom_100,18,184.5120,6.00,184.3480,107.7248,5,8860,293160,1743
nord_96x_rapid_zoom_100,19,183.3710,6.00,184.3480,107.7264,5,10539,294826,1738
nord_96x_rapid_zoom_100,20,210.1130,6.00,184.3480,107.7278,5,8860,293160,1741
nord_96x_rapid_zoom_100,21,254.4460,6.00,184.3480,107.7291,5,10539,294826,1738
nord_96x_rapid_zoom_100,22,210.4670,6.00,184.3480,107.7305,5,8860,293160,1741
nord_96x_rapid_zoom_100,23,209.4560,5.00,254.1960,107.7346,5,10539,294826,1738
nord_96x_rapid_zoom_100,24,227.9670,5.00,254.1960,107.7360,5,8866,293172,1741
nord_96x_rapid_zoom_100,25,272.6010,5.00,254.1960,107.7392,5,10539,294826,1738
nord_96x_rapid_zoom_100,26,188.7240,5.00,254.1960,107.7388,5,8866,293172,1741
nord_96x_rapid_zoom_100,27,228.8530,4.00,272.3810,107.7405,5,10539,294826,1738
nord_96x_rapid_zoom_100,28,189.5080,4.00,272.3810,107.7422,5,8863,293166,1740
nord_96x_rapid_zoom_100,29,164.9530,4.00,272.3810,107.7435,5,10539,294826,1738
nord_96x_rapid_zoom_100,30,231.4320,4.00,272.3810,107.7467,5,8863,293166,1740
nord_96x_rapid_zoom_100,31,202.5180,4.00,272.3810,107.7463,5,10539,294826,1738
nord_96x_rapid_zoom_100,32,191.8640,5.00,231.0300,107.7477,5,8863,293166,1742
nord_96x_rapid_zoom_100,33,229.4100,5.00,231.0300,107.7491,5,10539,294826,1738
nord_96x_rapid_zoom_100,34,221.8930,5.00,231.0300,107.7504,5,8863,293166,1742
nord_96x_rapid_zoom_100,35,170.0220,5.00,231.0300,107.7536,5,10539,294826,1738
nord_96x_rapid_zoom_100,36,266.0520,5.00,231.0300,107.7532,5,8863,293166,1742
nord_96x_rapid_zoom_100,37,205.1610,5.00,265.8570,107.7546,5,10539,294826,1738
nord_96x_rapid_zoom_100,38,219.8660,5.00,265.8570,107.7560,5,8863,293166,1742
nord_96x_rapid_zoom_100,39,208.5840,5.00,265.8570,107.7574,5,10539,294826,1738
nord_96x_rapid_zoom_100,40,212.4780,5.00,265.8570,107.7606,5,8866,293172,1743
nord_96x_rapid_zoom_100,41,181.2010,4.00,219.5510,107.7607,5,10539,294826,1738
nord_96x_rapid_zoom_100,42,230.8550,4.00,219.5510,107.7625,5,8866,293172,1743
nord_96x_rapid_zoom_100,43,199.0650,4.00,219.5510,107.7639,5,10539,294826,1738
nord_96x_rapid_zoom_100,44,202.5720,4.00,219.5510,107.7654,5,8866,293172,1741
nord_96x_rapid_zoom_100,45,260.5800,4.00,219.5510,107.7686,5,10539,294826,1738
nord_96x_rapid_zoom_100,46,279.7230,5.00,279.6370,107.7682,5,8866,293172,1741
nord_96x_rapid_zoom_100,47,216.4550,5.00,279.6370,107.7695,5,10539,294826,1738
nord_96x_rapid_zoom_100,48,174.6930,5.00,279.6370,107.7712,5,8869,293178,1742
nord_96x_rapid_zoom_100,49,176.6580,5.00,279.6370,107.7724,5,10539,294826,1738
nord_96x_rapid_zoom_100,50,187.2540,5.00,279.6370,107.7757,5,8869,293178,1742
nord_96x_rapid_zoom_100,51,185.5060,5.00,216.2480,107.7751,5,10539,294826,1738
nord_96x_rapid_zoom_100,52,167.4580,5.00,216.2480,107.7767,5,8869,293178,1744
nord_96x_rapid_zoom_100,53,210.0570,5.00,216.2480,107.7779,5,10539,294826,1738
nord_96x_rapid_zoom_100,54,260.1500,5.00,216.2480,107.7795,5,8869,293178,1744
nord_96x_rapid_zoom_100,55,210.2790,5.00,216.2480,107.7807,5,10539,294826,1738
nord_96x_rapid_zoom_100,56,187.7970,5.00,259.9640,107.7822,5,8869,293178,1744
nord_96x_rapid_zoom_100,57,197.7510,5.00,259.9640,107.7834,5,10539,294826,1738
nord_96x_rapid_zoom_100,58,205.2480,5.00,259.9640,107.7850,5,8869,293178,1744
nord_96x_rapid_zoom_100,59,253.2790,5.00,259.9640,107.7862,5,10539,294826,1738
nord_96x_rapid_zoom_100,60,226.3660,4.00,253.1490,107.7895,5,8869,293178,1742
nord_96x_rapid_zoom_100,61,203.5140,4.00,253.1490,107.7889,5,10539,294826,1738
nord_96x_rapid_zoom_100,62,180.7820,4.00,253.1490,107.7912,5,8869,293178,1742
nord_96x_rapid_zoom_100,63,167.0380,4.00,253.1490,107.7931,5,10539,294826,1738
nord_96x_rapid_zoom_100,64,198.7350,4.00,253.1490,107.7947,5,8869,293178,1742
nord_96x_rapid_zoom_100,65,219.5310,4.00,253.1490,107.7959,5,10539,294826,1738
nord_96x_rapid_zoom_100,66,228.1090,6.00,227.8990,107.7993,5,8869,293178,1742
nord_96x_rapid_zoom_100,67,236.6930,6.00,227.8990,107.7986,5,10539,294826,1738
nord_96x_rapid_zoom_100,68,193.0340,6.00,227.8990,107.8002,5,8869,293178,1744
nord_96x_rapid_zoom_100,69,237.6240,6.00,227.8990,107.8014,5,10539,294826,1738
nord_96x_rapid_zoom_100,70,190.3120,4.00,237.3840,107.8030,5,8869,293178,1744
nord_96x_rapid_zoom_100,71,231.2400,4.00,237.3840,107.8060,5,10539,294826,1738
nord_96x_rapid_zoom_100,72,254.3040,4.00,237.3840,107.8058,5,8869,293178,1744
nord_96x_rapid_zoom_100,73,223.9900,4.00,237.3840,107.8069,5,10539,294826,1738
nord_96x_rapid_zoom_100,74,256.1320,4.00,255.9700,107.8085,5,8869,293178,1744
nord_96x_rapid_zoom_100,75,235.4360,4.00,255.9700,107.8097,5,10539,294826,1738
nord_96x_rapid_zoom_100,76,214.6710,4.00,255.9700,107.8131,5,8872,293184,1743
nord_96x_rapid_zoom_100,77,255.4010,4.00,255.9700,107.8125,5,10539,294826,1738
nord_96x_rapid_zoom_100,78,282.2710,4.00,255.9700,107.8140,5,8872,293184,1743
nord_96x_rapid_zoom_100,79,221.8130,5.00,282.0720,107.8152,5,10539,294826,1738
nord_96x_rapid_zoom_100,80,216.1330,5.00,282.0720,107.8168,5,8872,293184,1743
nord_96x_rapid_zoom_100,81,178.8300,5.00,282.0720,107.8198,5,10539,294826,1738
nord_96x_rapid_zoom_100,82,231.1650,5.00,282.0720,107.8196,5,8872,293184,1743
nord_96x_rapid_zoom_100,83,187.9420,4.00,231.0440,107.8207,5,10539,294826,1738
nord_96x_rapid_zoom_100,84,219.0190,4.00,231.0440,107.8223,5,8872,293184,1745
nord_96x_rapid_zoom_100,85,263.1210,4.00,231.0440,107.8235,5,10539,294826,1738
nord_96x_rapid_zoom_100,86,190.2580,4.00,231.0440,107.8269,5,8872,293184,1745
nord_96x_rapid_zoom_100,87,203.7430,4.00,231.0440,107.8263,5,10539,294826,1738
nord_96x_rapid_zoom_100,88,191.4060,5.00,263.0220,107.8281,5,8879,293198,1748
nord_96x_rapid_zoom_100,89,220.8670,5.00,263.0220,107.8293,5,10539,294826,1738
nord_96x_rapid_zoom_100,90,192.9200,5.00,263.0220,107.8309,5,8879,293198,1748
nord_96x_rapid_zoom_100,91,217.2670,5.00,263.0220,107.8338,5,10539,294826,1738
nord_96x_rapid_zoom_100,92,206.3920,5.00,263.0220,107.8339,5,8879,293198,1746
nord_96x_rapid_zoom_100,93,192.5490,5.00,220.7570,107.8362,5,10539,294826,1738
nord_96x_rapid_zoom_100,94,195.0940,5.00,220.7570,107.8388,5,8879,293198,1746
nord_96x_rapid_zoom_100,95,200.9190,5.00,220.7570,107.8400,5,10539,294826,1738
nord_96x_rapid_zoom_100,96,234.6710,5.00,220.7570,107.8435,5,8879,293198,1746
nord_96x_rapid_zoom_100,97,180.5980,4.00,234.4170,107.8428,5,10539,294826,1738
nord_96x_rapid_zoom_100,98,211.1870,4.00,234.4170,107.8444,5,8879,293198,1746
nord_96x_rapid_zoom_100,99,211.1270,4.00,234.4170,107.8456,5,10539,294826,1738
